City_ID,City,Lat,Lng,Max Temp,Humidity,Cloudiness,Wind Speed,Country,Date
0,Namatanai,-3.6667,152.4333,25.59,86,99,4.15,PG,2021-08-05 19:51:06
1,San Vicente,-26.6167,-54.1333,19.93,45,100,0.93,AR,2021-08-05 19:51:06
2,Nioro,13.35,-15.75,27.29,75,41,2.03,GM,2021-08-05 19:51:07
3,Ushuaia,-54.8,-68.3,9.79,75,75,14.92,AR,2021-08-05 19:48:03
4,Port Hardy,50.6996,-127.4199,16.1,88,90,5.66,CA,2021-08-05 19:51:07
5,Kapaa,22.0752,-159.319,28.18,69,40,2.24,US,2021-08-05 19:51:07
6,Ponta Do Sol,32.6667,-17.1,24.28,83,29,0.67,PT,2021-08-05 19:51:08
7,Castro,-24.7911,-50.0119,15.01,70,100,3.32,BR,2021-08-05 19:51:08
8,Lasa,46.6166,10.7002,16.68,83,93,1.95,IT,2021-08-05 19:51:08
9,Rikitea,-23.1203,-134.9692,23.29,75,29,8.12,PF,2021-08-05 19:51:08
10,Punta Arenas,-53.15,-70.9167,8.06,61,75,6.69,CL,2021-08-05 19:51:09
11,Atuona,-9.8,-139.0333,25.49,75,36,7.11,PF,2021-08-05 19:50:42
12,Shingu,33.7333,135.9833,26.06,95,100,4.26,JP,2021-08-05 19:51:09
13,Albany,42.6001,-73.9662,27.87,57,67,1.17,US,2021-08-05 19:51:09
14,Goderich,43.7501,-81.7165,29.46,50,0,4.12,CA,2021-08-05 19:46:31
15,Kavaratti,10.5669,72.642,27.89,80,99,9.28,IN,2021-08-05 19:50:54
16,Rizhao,35.4275,119.4553,24.82,92,100,1.89,CN,2021-08-05 19:51:10
17,Kavieng,-2.5744,150.7967,27.8,72,100,1.5,PG,2021-08-05 19:51:10
18,Bluff,-46.6,168.3333,3.22,86,74,3.22,NZ,2021-08-05 19:51:10
19,Sola,-13.8833,167.55,25.46,75,28,1.3,VU,2021-08-05 19:51:11
20,Freeport,40.6576,-73.5832,28.8,68,90,0.45,US,2021-08-05 19:47:33
21,Qaanaaq,77.484,-69.3632,8.32,60,33,0.94,GL,2021-08-05 19:51:11
22,Mataura,-46.1927,168.8643,3.04,98,19,1.14,NZ,2021-08-05 19:48:25
23,Norsup,-16.0667,167.3833,24.26,79,67,1.74,VU,2021-08-05 19:51:12
24,Arlit,18.7369,7.3853,31.5,43,20,7.7,NE,2021-08-05 19:51:12
25,Salalah,17.0151,54.0924,24.79,89,95,3.65,OM,2021-08-05 19:50:05
26,Vaini,-21.2,-175.2,18.09,88,75,2.06,TO,2021-08-05 19:51:12
27,Hobart,-42.8794,147.3294,12.81,60,40,1.79,AU,2021-08-05 19:46:30
28,Hirado,33.3597,129.5531,27.2,71,1,1.98,JP,2021-08-05 19:51:13
29,Ondjiva,-17.0667,15.7333,18.48,24,6,2.82,AO,2021-08-05 19:51:05
30,Port Alfred,-33.5906,26.891,16.81,92,7,2.43,ZA,2021-08-05 19:49:00
31,Margate,51.3813,1.3862,17.84,94,100,1.79,GB,2021-08-05 19:51:13
32,Yatou,37.15,122.3833,23.16,95,100,3.1,CN,2021-08-05 19:51:09
33,Kropotkin,45.4375,40.5756,25.74,48,40,5.51,RU,2021-08-05 19:51:13
34,Vestmanna,62.1564,-7.1664,11.51,100,90,3.6,FO,2021-08-05 19:51:14
35,Flinders,-34.5833,150.8552,10.6,76,0,3.64,AU,2021-08-05 19:51:14
36,Busselton,-33.65,115.3333,3.94,82,0,2.73,AU,2021-08-05 19:50:07
37,Marsh Harbour,26.5412,-77.0636,29.19,73,71,6.38,BS,2021-08-05 19:51:14
38,Shache,38.4167,77.2406,25.93,27,100,2.52,CN,2021-08-05 19:51:15
39,Half Moon Bay,37.4636,-122.4286,29.39,73,20,7.72,US,2021-08-05 19:51:15
40,Norman Wells,65.282,-126.8329,17.02,67,75,5.14,CA,2021-08-05 19:48:07
41,Pevek,69.7008,170.3133,3.17,97,100,1.98,RU,2021-08-05 19:51:15
42,Talnakh,69.4865,88.3972,18.57,69,82,1.35,RU,2021-08-05 19:51:15
43,Karasjok,69.4719,25.5112,11.06,77,80,2.09,NO,2021-08-05 19:51:16
44,Arroyo Grande,35.1186,-120.5907,32.88,54,1,1.79,US,2021-08-05 19:46:55
45,Barcelos,41.5388,-8.6151,20.51,91,1,2.54,PT,2021-08-05 19:51:16
46,Saldanha,-33.0117,17.9442,11.03,88,0,1.57,ZA,2021-08-05 19:51:16
47,Petropavlovsk-Kamchatskiy,53.0452,158.6483,8.33,71,0,5.0,RU,2021-08-05 19:51:17
48,Axim,4.8699,-2.2405,24.9,83,98,3.72,GH,2021-08-05 19:51:17
49,Hobyo,5.3505,48.5268,24.68,81,77,12.76,SO,2021-08-05 19:51:17
50,Hermanus,-34.4187,19.2345,13.28,89,1,4.51,ZA,2021-08-05 19:48:03
51,Oktyabrskiy,54.4815,53.471,16.24,68,8,1.95,RU,2021-08-05 19:51:18
52,Praia Da Vitoria,38.7333,-27.0667,28.14,51,40,5.71,PT,2021-08-05 19:51:18
53,Klyuchi,52.2667,79.1667,16.62,71,16,3.14,RU,2021-08-05 19:48:16
54,Kruisfontein,-34.0033,24.7314,13.82,98,100,0.48,ZA,2021-08-05 19:51:18
55,Lebu,-37.6167,-73.65,13.0,73,100,5.92,CL,2021-08-05 19:51:18
56,Victoria Point,-27.5833,153.3,12.17,82,32,0.89,AU,2021-08-05 19:51:19
57,Cabo San Lucas,22.8909,-109.9124,33.78,62,81,2.24,MX,2021-08-05 19:49:43
58,Cidreira,-30.1811,-50.2056,16.58,88,96,6.5,BR,2021-08-05 19:51:19
59,Sumbe,-11.2061,13.8437,21.73,92,8,1.78,AO,2021-08-05 19:51:19
60,Saint-Augustin,51.226,-58.6502,20.96,66,100,9.71,CA,2021-08-05 19:51:20
61,Dikson,73.5069,80.5464,10.46,87,0,1.1,RU,2021-08-05 19:49:20
62,Severo-Kurilsk,50.6789,156.125,12.0,83,26,8.62,RU,2021-08-05 19:51:20
63,Yellowknife,62.456,-114.3525,17.96,63,75,1.79,CA,2021-08-05 19:47:28
64,Quelimane,-17.8786,36.8883,20.97,88,40,2.24,MZ,2021-08-05 19:51:20
65,Bredasdorp,-34.5322,20.0403,11.62,94,40,1.54,ZA,2021-08-05 19:51:21
66,Airai,-8.9266,125.4092,12.54,64,94,1.76,TL,2021-08-05 19:49:19
67,Clyde River,70.4692,-68.5914,4.13,100,90,5.14,CA,2021-08-05 19:51:21
68,Guia De Isora,28.2115,-16.7795,23.02,72,5,3.13,ES,2021-08-05 19:51:21
69,Sao Jose Da Coroa Grande,-8.8978,-35.1478,23.69,83,31,5.22,BR,2021-08-05 19:51:22
70,Vavoua,7.3819,-6.4778,22.84,82,34,1.78,CI,2021-08-05 19:51:22
71,Oroshaza,46.5667,20.6667,21.1,82,58,3.56,HU,2021-08-05 19:51:22
72,Rabaul,-4.1967,152.1721,25.57,87,100,8.12,PG,2021-08-05 19:51:22
73,Hilo,19.7297,-155.09,26.0,81,90,1.54,US,2021-08-05 19:51:23
74,Yantal,56.8471,105.2542,12.16,98,30,1.51,RU,2021-08-05 19:51:23
75,Ostrovnoy,68.0531,39.5131,10.76,78,100,2.39,RU,2021-08-05 19:51:23
76,Butaritari,3.0707,172.7902,28.88,61,12,4.81,KI,2021-08-05 19:48:12
77,Tiznit,29.5833,-9.5,22.2,70,3,1.5,MA,2021-08-05 19:51:24
78,Chokurdakh,70.6333,147.9167,2.57,86,100,4.79,RU,2021-08-05 19:47:58
79,Chokwe,-24.5333,32.9833,18.36,57,0,3.34,MZ,2021-08-05 19:51:24
80,Blagoyevo,63.3667,47.9167,8.06,93,9,2.02,RU,2021-08-05 19:51:24
81,Lindi,-10.0,39.7167,21.69,88,29,1.24,TZ,2021-08-05 19:51:25
82,Tsaratanana,-16.7833,47.65,17.85,72,0,4.79,MG,2021-08-05 19:51:25
83,Avarua,-21.2078,-159.775,24.03,69,75,1.03,CK,2021-08-05 19:48:22
84,Key West,24.5557,-81.7826,33.0,63,1,3.09,US,2021-08-05 19:50:58
85,Padang,-0.9492,100.3543,25.21,87,99,1.55,ID,2021-08-05 19:51:25
86,Filadelfia,39.9523,-75.1638,31.1,43,40,1.79,US,2021-08-05 19:49:18
87,Kodiak,57.79,-152.4072,15.73,77,90,0.0,US,2021-08-05 19:48:49
88,Carnarvon,-24.8667,113.6333,11.04,33,0,4.63,AU,2021-08-05 19:48:59
89,Lima,-12.0432,-77.0282,20.08,68,75,5.14,PE,2021-08-05 19:51:26
90,Vadinsk,53.6916,43.0574,18.42,59,65,3.22,RU,2021-08-05 19:51:26
91,Esperance,-33.8667,121.9,9.91,82,0,4.7,AU,2021-08-05 19:51:26
92,Waipawa,-41.4122,175.5153,9.35,90,100,1.92,NZ,2021-08-05 19:51:27
93,Rovaniemi,66.5,25.7167,14.67,67,0,4.12,FI,2021-08-05 19:51:27
94,Bayburt,40.2589,40.2278,18.69,66,100,2.39,TR,2021-08-05 19:51:27
95,Jumla,29.2747,82.1838,17.3,97,99,0.33,NP,2021-08-05 19:51:28
96,Hithadhoo,-0.6,73.0833,27.03,78,99,3.12,MV,2021-08-05 19:51:28
97,Pangody,65.85,74.4859,18.95,62,80,2.87,RU,2021-08-05 19:51:28
98,Pareora,-44.4871,171.2132,6.21,96,100,2.2,NZ,2021-08-05 19:51:28
99,Taunton,51.0211,-3.1047,18.06,91,24,2.24,GB,2021-08-05 19:49:49
100,East London,-33.0153,27.9116,18.9,85,86,1.77,ZA,2021-08-05 19:50:31
101,Riyadh,24.6877,46.7219,36.08,11,13,3.69,SA,2021-08-05 19:49:53
102,Baykit,61.67,96.37,15.45,80,10,1.57,RU,2021-08-05 19:51:29
103,Moron,-34.6534,-58.6198,13.88,86,0,2.95,AR,2021-08-05 19:48:44
104,Sao Felix Do Xingu,-6.6447,-51.995,35.98,17,50,2.11,BR,2021-08-05 19:51:29
105,Port Blair,11.6667,92.75,27.7,85,100,9.06,IN,2021-08-05 19:51:30
106,Sitka,57.0531,-135.33,18.94,59,90,4.63,US,2021-08-05 19:48:21
107,Tiksi,71.6872,128.8694,5.19,86,100,4.26,RU,2021-08-05 19:51:30
108,Boende,-0.2167,20.8667,23.44,74,15,1.36,CD,2021-08-05 19:51:30
109,Aklavik,68.2191,-135.0107,20.4,45,40,1.54,CA,2021-08-05 19:51:31
110,Isangel,-19.55,169.2667,19.06,82,80,2.06,VU,2021-08-05 19:51:31
111,Byron Bay,-28.65,153.6167,9.37,74,49,2.81,AU,2021-08-05 19:49:49
112,Yakeshi,49.2833,120.7333,12.23,96,31,2.35,CN,2021-08-05 19:51:31
113,Leningradskiy,69.3833,178.4167,4.65,95,97,1.4,RU,2021-08-05 19:51:32
114,Shimoda,34.6667,138.95,25.64,88,44,4.59,JP,2021-08-05 19:51:32
115,Vila Franca Do Campo,37.7167,-25.4333,23.23,76,0,3.63,PT,2021-08-05 19:51:32
116,Warren,39.4334,-84.1666,29.96,52,20,0.89,US,2021-08-05 19:51:07
117,Deputatskiy,69.3,139.9,3.16,96,100,2.44,RU,2021-08-05 19:51:33
118,Sao Joao Da Barra,-21.6403,-41.0511,20.05,78,91,4.25,BR,2021-08-05 19:48:02
119,Tautira,-17.7333,-149.15,28.01,78,84,5.97,PF,2021-08-05 19:51:33
120,Lamar,33.6668,-95.5836,32.58,45,40,3.6,US,2021-08-05 19:51:33
121,Nikolskoye,59.7035,30.7861,16.94,86,100,0.72,RU,2021-08-05 19:50:32
122,Saint George,37.1041,-113.5841,42.44,12,1,0.45,US,2021-08-05 19:51:34
123,Fort Nelson,58.8053,-122.7002,17.77,77,90,1.54,CA,2021-08-05 19:47:28
124,Upernavik,72.7868,-56.1549,7.32,64,0,3.3,GL,2021-08-05 19:49:29
125,Kolda,12.8833,-14.95,30.17,74,20,0.0,SN,2021-08-05 19:51:34
126,San Patricio,28.017,-97.5169,29.93,52,100,2.93,US,2021-08-05 19:51:34
127,Thompson,55.7435,-97.8558,18.09,45,75,3.09,CA,2021-08-05 19:51:35
128,Provideniya,64.3833,-173.3,10.06,71,0,5.0,RU,2021-08-05 19:51:35
129,Sinnamary,5.3833,-52.95,27.5,81,44,2.41,GF,2021-08-05 19:51:35
130,Lieksa,63.3167,30.0167,13.41,68,14,0.94,FI,2021-08-05 19:51:36
131,Kuusamo,65.9667,29.1833,13.02,82,0,1.54,FI,2021-08-05 19:51:36
132,Acapulco,16.8634,-99.8901,30.33,64,89,2.96,MX,2021-08-05 19:51:36
133,Atar,20.5169,-13.0499,39.54,13,0,4.71,MR,2021-08-05 19:51:36
134,Cape Town,-33.9258,18.4232,14.49,81,0,0.45,ZA,2021-08-05 19:51:37
135,Tsogni,-2.7942,10.0988,22.82,89,16,2.97,GA,2021-08-05 19:51:37
136,Hambantota,6.1241,81.1185,26.06,83,100,8.04,LK,2021-08-05 19:49:37
137,Bengkulu,-3.8004,102.2655,24.04,90,96,1.64,ID,2021-08-05 19:51:37
138,Wadi Musa,30.3222,35.4793,25.97,23,9,2.01,JO,2021-08-05 19:51:38
139,Hamilton,39.1834,-84.5333,30.61,50,40,0.45,US,2021-08-05 19:50:30
140,Aykhal,66.0,111.5,13.15,59,0,3.62,RU,2021-08-05 19:50:28
141,Tocopilla,-22.092,-70.1979,19.51,58,12,2.69,CL,2021-08-05 19:51:38
142,Acari,-15.4311,-74.6158,23.05,58,15,3.83,PE,2021-08-05 19:51:38
143,Gamboula,4.1178,15.1393,20.87,94,80,1.9,CF,2021-08-05 19:51:38
144,Buchanan,5.8808,-10.0467,25.98,79,100,4.96,LR,2021-08-05 19:51:39
145,Labuhan,-6.8844,112.2051,24.47,85,79,3.16,ID,2021-08-05 19:50:19
146,Longyearbyen,78.2186,15.6401,5.91,87,40,4.63,SJ,2021-08-05 19:48:05
147,Kansk,56.2017,95.7175,16.01,97,100,2.03,RU,2021-08-05 19:51:39
148,Liwale,-9.7667,37.9333,20.85,68,79,2.34,TZ,2021-08-05 19:51:40
149,Saint-Philippe,-21.3585,55.7679,19.75,81,43,4.99,RE,2021-08-05 19:51:40
150,Kyzyl-Suu,42.3414,78.0056,16.3,47,48,1.93,KG,2021-08-05 19:51:40
151,Port Elizabeth,-33.918,25.5701,16.16,82,40,6.69,ZA,2021-08-05 19:51:40
152,Kahului,20.8947,-156.47,28.01,76,20,7.72,US,2021-08-05 19:51:41
153,Zakamensk,50.3741,103.2863,12.16,95,93,0.3,RU,2021-08-05 19:51:41
154,Mahebourg,-20.4081,57.7,21.16,68,40,5.14,MU,2021-08-05 19:50:13
155,Simao,22.7886,100.9748,19.6,98,100,1.08,CN,2021-08-05 19:51:41
156,Valparaiso,-33.0393,-71.6273,15.8,73,75,2.06,CL,2021-08-05 19:49:41
157,Kismayo,-0.3582,42.5454,24.53,82,57,7.69,SO,2021-08-05 19:51:42
158,Lompoc,34.6391,-120.4579,26.84,67,1,6.69,US,2021-08-05 19:50:50
159,Puerto Ayora,-0.7393,-90.3518,26.98,84,87,2.24,EC,2021-08-05 19:50:22
160,Skibbereen,51.55,-9.2667,16.89,91,58,10.96,IE,2021-08-05 19:51:42
161,Geraldton,-28.7667,114.6,6.23,87,0,3.09,AU,2021-08-05 19:51:43
162,Jamestown,42.097,-79.2353,26.72,50,20,3.09,US,2021-08-05 19:51:43
163,Bairiki,1.3292,172.9752,27.0,69,20,4.12,KI,2021-08-05 19:51:43
164,Iracoubo,5.4802,-53.2011,27.81,78,23,2.67,GF,2021-08-05 19:51:43
165,Tuktoyaktuk,69.4541,-133.0374,15.0,77,75,3.6,CA,2021-08-05 19:51:44
166,Hami,42.8,93.45,29.49,21,93,6.73,CN,2021-08-05 19:50:57
167,Shahreza,32.0339,51.8794,24.51,28,99,1.76,IR,2021-08-05 19:51:44
168,Bakchar,57.0186,82.0711,15.0,98,100,1.45,RU,2021-08-05 19:51:44
169,Ivanteyevka,55.9711,37.9208,17.19,90,74,1.34,RU,2021-08-05 19:51:45
170,Paamiut,61.994,-49.6678,7.12,95,100,14.31,GL,2021-08-05 19:51:45
171,Srednekolymsk,67.45,153.6833,5.8,80,100,4.3,RU,2021-08-05 19:49:13
172,Bonavista,48.6499,-53.1147,28.0,63,74,5.21,CA,2021-08-05 19:51:45
173,Coria,39.9879,-6.5377,29.14,36,0,2.77,ES,2021-08-05 19:51:46
174,Huarmey,-10.0681,-78.1522,20.86,72,2,5.13,PE,2021-08-05 19:51:46
175,Cherskiy,68.75,161.3,8.6,77,49,2.11,RU,2021-08-05 19:48:33
176,Mogadishu,2.0371,45.3438,24.72,84,100,7.63,SO,2021-08-05 19:51:05
177,Sambava,-14.2667,50.1667,21.08,84,99,6.76,MG,2021-08-05 19:51:46
178,Ribeira Grande,38.5167,-28.7,25.22,78,40,7.72,PT,2021-08-05 19:51:47
179,Cherdyn,60.403,56.4787,11.83,97,3,2.0,RU,2021-08-05 19:51:47
180,Barrow,71.2906,-156.7887,5.01,90,90,8.23,US,2021-08-05 19:51:47
181,Aswan,24.0934,32.907,38.61,16,0,2.06,EG,2021-08-05 19:51:48
182,Lagoa,39.05,-27.9833,22.83,90,0,8.65,PT,2021-08-05 19:51:48
183,Khatanga,71.9667,102.5,14.06,45,57,4.21,RU,2021-08-05 19:50:31
184,Bambous Virieux,-20.3428,57.7575,21.14,68,40,5.14,MU,2021-08-05 19:50:22
185,Riofrio,4.1571,-76.2885,31.14,55,60,1.63,CO,2021-08-05 19:51:48
186,Comodoro Rivadavia,-45.8667,-67.5,19.92,30,0,5.66,AR,2021-08-05 19:49:31
187,Karratha,-20.7377,116.8463,19.71,29,16,7.82,AU,2021-08-05 19:51:49
188,Saskylakh,71.9167,114.0833,9.0,69,12,2.79,RU,2021-08-05 19:51:49
189,Khovu-Aksy,51.1333,93.6,10.33,95,100,0.6,RU,2021-08-05 19:51:49
190,Kundiawa,-6.0167,144.9667,16.24,99,99,0.41,PG,2021-08-05 19:51:49
191,Arraial Do Cabo,-22.9661,-42.0278,22.98,78,40,4.63,BR,2021-08-05 19:51:50
192,Acarau,-2.8856,-40.12,28.04,66,53,7.69,BR,2021-08-05 19:50:09
193,Mar Del Plata,-38.0023,-57.5575,13.94,29,90,3.13,AR,2021-08-05 19:51:36
194,Nemuro,43.3236,145.575,20.31,96,71,1.47,JP,2021-08-05 19:48:21
195,Vao,-22.6667,167.4833,19.55,59,76,8.36,NC,2021-08-05 19:51:50
196,Juneau,58.3019,-134.4197,18.25,87,75,1.54,US,2021-08-05 19:47:59
197,Yulara,-25.2406,130.9889,5.91,61,0,3.09,AU,2021-08-05 19:51:51
198,Lavrentiya,65.5833,-171.0,11.53,94,100,1.42,RU,2021-08-05 19:51:51
199,San Quintin,30.4833,-115.95,23.55,70,7,5.31,MX,2021-08-05 19:48:56
200,Georgetown,5.4112,100.3354,27.72,89,20,0.0,MY,2021-08-05 19:47:13
201,Dingle,10.9995,122.6711,24.94,87,100,3.1,PH,2021-08-05 19:48:18
202,Bathsheba,13.2167,-59.5167,28.66,73,10,5.8,BB,2021-08-05 19:51:45
203,Alencon,48.4333,0.0833,17.44,90,100,6.08,FR,2021-08-05 19:51:51
204,Belmonte,-15.8631,-38.8828,21.28,78,100,5.56,BR,2021-08-05 19:51:52
205,Sao Filipe,14.8961,-24.4956,26.0,89,100,3.0,CV,2021-08-05 19:49:00
206,Emerald,-23.5333,148.1667,8.08,51,31,2.06,AU,2021-08-05 19:51:52
207,Luderitz,-26.6481,15.1594,14.07,73,22,1.64,NA,2021-08-05 19:51:52
208,Fort Dodge,42.4975,-94.168,27.46,73,20,3.09,US,2021-08-05 19:50:18
209,Rawson,-43.3002,-65.1023,22.62,20,94,5.06,AR,2021-08-05 19:51:53
210,Nara,34.6851,135.8049,27.73,94,57,2.2,JP,2021-08-05 19:49:14
211,Antofagasta,-23.65,-70.4,19.01,60,6,2.93,CL,2021-08-05 19:48:05
212,Husavik,66.0449,-17.3389,13.95,82,70,2.95,IS,2021-08-05 19:50:14
213,Tevaitoa,-16.7833,-151.5,26.06,71,33,4.71,PF,2021-08-05 19:51:53
214,Morgan City,29.6994,-91.2068,32.78,51,1,0.0,US,2021-08-05 19:51:54
215,Patrocinio,-18.9439,-46.9925,22.18,32,89,4.01,BR,2021-08-05 19:51:54
216,Flin Flon,54.7682,-101.865,19.91,64,90,3.09,CA,2021-08-05 19:51:54
217,Hasaki,35.7333,140.8333,24.22,84,44,1.83,JP,2021-08-05 19:51:54
218,Healdsburg,38.6105,-122.8692,35.17,72,40,2.57,US,2021-08-05 19:50:37
219,Iqaluit,63.7506,-68.5145,7.85,71,90,5.66,CA,2021-08-05 19:51:55
220,Tommot,58.9564,126.2925,14.48,83,100,1.55,RU,2021-08-05 19:49:52
221,Parainen,60.3067,22.301,16.75,67,10,1.04,FI,2021-08-05 19:51:55
222,Monrovia,6.3005,-10.7969,25.87,76,100,5.85,LR,2021-08-05 19:49:06
223,Muros,42.7762,-9.0603,19.28,84,91,2.33,ES,2021-08-05 19:51:55
224,Zhaodong,46.0833,125.9833,19.01,94,52,3.92,CN,2021-08-05 19:51:56
225,Buzdyak,54.5833,54.55,16.7,77,6,3.13,RU,2021-08-05 19:51:56
226,Tecoanapa,16.5167,-98.75,30.49,64,95,5.23,MX,2021-08-05 19:51:56
227,Sabla,12.7525,4.7077,27.25,70,98,4.89,NG,2021-08-05 19:51:57
228,Souillac,-20.5167,57.5167,21.21,68,40,5.14,MU,2021-08-05 19:51:57
229,Grindavik,63.8424,-22.4338,14.75,88,75,4.12,IS,2021-08-05 19:51:04
230,Tasiilaq,65.6145,-37.6368,5.53,76,24,0.98,GL,2021-08-05 19:50:27
231,Ketchikan,55.3422,-131.6461,13.26,100,90,3.09,US,2021-08-05 19:51:57
232,Namibe,-15.1961,12.1522,20.35,80,0,2.18,AO,2021-08-05 19:51:32
233,Komsomolskiy,40.4272,71.7189,27.4,28,32,3.09,UZ,2021-08-05 19:51:58
234,Lethem,3.3803,-59.7968,30.36,61,65,1.32,GY,2021-08-05 19:51:58
235,Chuy,-33.6971,-53.4616,15.84,82,93,4.06,UY,2021-08-05 19:51:58
236,Kamenka,51.3223,42.7678,20.0,48,72,3.03,RU,2021-08-05 19:51:59
237,Sitio Novo Do Tocantins,-5.5183,-47.4611,35.96,26,40,2.57,BR,2021-08-05 19:51:59
238,Bonoua,5.2741,-3.595,25.79,86,62,2.43,CI,2021-08-05 19:51:59
239,Linxia,35.6003,103.2064,15.89,63,96,1.47,CN,2021-08-05 19:51:59
240,New Norfolk,-42.7826,147.0587,12.62,63,100,5.36,AU,2021-08-05 19:50:18
241,Lincoln,40.8,-96.667,33.34,49,1,0.89,US,2021-08-05 19:48:08
242,Morant Bay,17.8815,-76.4093,33.68,65,99,5.73,JM,2021-08-05 19:52:00
243,Miri,4.4148,114.0089,25.08,83,20,3.09,MY,2021-08-05 19:52:00
244,Tavda,58.0425,65.2726,18.5,96,99,2.09,RU,2021-08-05 19:52:01
245,Jalu,29.0331,21.5482,35.29,16,0,7.67,LY,2021-08-05 19:52:01
246,Pangnirtung,66.1451,-65.7125,8.0,76,75,5.66,CA,2021-08-05 19:52:01
247,Gat,31.61,34.7642,31.89,39,0,2.03,IL,2021-08-05 19:52:01
248,Lander,42.833,-108.7307,31.56,22,1,2.57,US,2021-08-05 19:52:02
249,Westport,41.1415,-73.3579,27.77,78,92,0.45,US,2021-08-05 19:52:02
250,Batagay-Alyta,67.8006,130.4114,5.63,84,100,7.13,RU,2021-08-05 19:52:02
251,Lawton,34.6087,-98.3903,29.34,63,90,5.14,US,2021-08-05 19:52:02
252,Nizwa,22.9333,57.5333,33.95,28,3,2.82,OM,2021-08-05 19:50:57
253,Gorontalo,0.5412,123.0595,23.63,93,59,1.1,ID,2021-08-05 19:52:03
254,Campbell River,50.0163,-125.2446,26.4,59,75,3.09,CA,2021-08-05 19:52:03
255,West Bay,19.3667,-81.4167,32.25,70,20,4.12,KY,2021-08-05 19:51:51
256,Fairbanks,64.8378,-147.7164,24.01,56,1,2.06,US,2021-08-05 19:52:03
257,Mingaora,34.7758,72.3625,22.94,80,37,2.11,PK,2021-08-05 19:52:04
258,Yaan,7.3833,8.5667,22.33,95,20,0.99,NG,2021-08-05 19:52:04
259,Malabo,3.75,8.7833,24.92,94,40,3.09,GQ,2021-08-05 19:51:51
260,Kontagora,10.3999,5.4695,22.9,91,100,1.81,NG,2021-08-05 19:52:04
261,Vidim,56.4088,103.1106,12.0,89,28,1.47,RU,2021-08-05 19:52:05
262,Caravelas,-17.7125,-39.2481,21.95,70,99,4.86,BR,2021-08-05 19:50:09
263,Nanga Eboko,4.6833,12.3667,21.32,89,99,1.23,CM,2021-08-05 19:52:05
264,Coquimbo,-29.9533,-71.3436,13.85,76,75,4.12,CL,2021-08-05 19:50:12
265,Itaueira,-7.6033,-43.0256,32.46,24,42,3.57,BR,2021-08-05 19:52:05
266,Bethel,41.3712,-73.414,27.42,74,90,3.6,US,2021-08-05 19:52:06
267,Cullman,34.1748,-86.8436,31.26,51,40,1.54,US,2021-08-05 19:49:08
268,Lorengau,-2.0226,147.2712,26.67,82,100,3.14,PG,2021-08-05 19:52:06
269,San Cristobal,7.7669,-72.225,27.1,56,36,3.54,VE,2021-08-05 19:48:08
270,Kodinsk,58.6881,99.1844,14.66,64,9,1.73,RU,2021-08-05 19:52:06
271,Chingola,-12.529,27.8838,16.7,31,0,1.54,ZM,2021-08-05 19:52:07
272,Autazes,-3.5797,-59.1306,34.35,38,68,1.37,BR,2021-08-05 19:52:07
273,Luanda,-8.8368,13.2343,21.97,89,0,4.6,AO,2021-08-05 19:48:15
274,Isla Mujeres,21.2311,-86.731,32.87,67,13,4.87,MX,2021-08-05 19:48:59
275,Port Shepstone,-30.7414,30.455,18.01,84,5,3.66,ZA,2021-08-05 19:52:07
276,Norwood,42.1945,-71.1995,21.62,90,90,3.09,US,2021-08-05 19:52:08
277,Slave Lake,55.2834,-114.769,26.99,50,1,2.57,CA,2021-08-05 19:52:08
278,Kaitangata,-46.2817,169.8464,7.18,86,71,2.23,NZ,2021-08-05 19:50:10
279,Bilma,18.6853,12.9164,37.31,16,7,2.15,NE,2021-08-05 19:52:08
280,Wattegama,6.7989,81.4808,25.22,72,100,3.34,LK,2021-08-05 19:52:09
281,Le Pradet,43.1066,6.0172,24.33,66,0,10.8,FR,2021-08-05 19:52:09
282,La Ronge,55.1001,-105.2842,22.12,43,75,2.57,CA,2021-08-05 19:52:09
283,Portland,45.5234,-122.6762,29.87,49,75,0.89,US,2021-08-05 19:49:15
284,Sakakah,29.9697,40.2064,35.76,13,0,4.63,SA,2021-08-05 19:52:10
285,Aripuana,-9.1667,-60.6333,35.5,20,84,1.17,BR,2021-08-05 19:52:10
286,Tuy Hoa,13.0833,109.3,28.88,68,100,7.42,VN,2021-08-05 19:52:10
287,Tura,25.5198,90.2201,24.44,93,100,0.97,IN,2021-08-05 19:52:10
288,Rocha,-34.4833,-54.3333,15.82,85,100,4.1,UY,2021-08-05 19:49:43
289,Okha,53.5739,142.9478,12.56,87,100,6.18,RU,2021-08-05 19:50:40
290,Vila Velha,-20.3297,-40.2925,21.97,78,75,3.6,BR,2021-08-05 19:49:36
291,Torbay,47.6666,-52.7314,26.05,43,75,4.12,CA,2021-08-05 19:52:11
292,Monte Santo,-10.4378,-39.3328,23.77,54,92,3.61,BR,2021-08-05 19:52:11
293,Malpe,13.35,74.7167,25.61,89,71,5.01,IN,2021-08-05 19:52:11
294,Merauke,-8.4667,140.3333,23.26,86,96,4.39,ID,2021-08-05 19:52:12
295,Kudahuvadhoo,2.6708,72.8944,27.6,74,71,2.73,MV,2021-08-05 19:52:12
296,Emba,48.8264,58.1442,29.64,24,95,3.89,KZ,2021-08-05 19:52:12
297,Porto Novo,6.4965,2.6036,25.9,82,100,2.68,BJ,2021-08-05 19:52:13
298,Andros Town,24.7,-77.7667,30.98,67,11,6.68,BS,2021-08-05 19:52:13
299,Kendari,-3.945,122.4989,22.92,95,98,1.59,ID,2021-08-05 19:52:13
300,Phulabani,20.4667,84.2333,23.51,89,15,2.33,IN,2021-08-05 19:52:13
301,Bismarck,46.8083,-100.7837,28.82,51,1,5.14,US,2021-08-05 19:52:14
302,Perehonivka,48.5355,30.5192,23.13,63,24,5.11,UA,2021-08-05 19:52:14
303,Lata,40.1629,-8.3327,22.25,92,6,1.85,PT,2021-08-05 19:52:14
304,Katsuura,35.1333,140.3,27.06,87,62,3.12,JP,2021-08-05 19:50:07
305,Bac Lieu,9.285,105.7244,26.69,81,97,4.75,VN,2021-08-05 19:52:15
306,Abha,18.2164,42.5053,18.14,72,0,3.09,SA,2021-08-05 19:52:15
307,Khanpur,28.6453,70.6567,36.73,32,5,5.29,PK,2021-08-05 19:52:15
308,Bambanglipuro,-7.95,110.2833,23.85,89,90,2.68,ID,2021-08-05 19:52:16
309,Adrar,20.5022,-10.0711,37.01,13,5,6.17,MR,2021-08-05 19:50:39
310,Rehoboth,-23.3167,17.0833,13.97,23,17,3.44,NA,2021-08-05 19:52:16
311,Lensk,60.7253,114.9278,14.01,98,100,1.71,RU,2021-08-05 19:50:19
312,Bonfim,3.0833,-59.95,30.4,60,79,2.8,BR,2021-08-05 19:52:16
313,Bonthe,7.5264,-12.505,25.06,82,100,5.92,SL,2021-08-05 19:50:42
314,Puerto Del Rosario,28.5004,-13.8627,23.86,73,75,8.75,ES,2021-08-05 19:52:17
315,Alakurtti,66.9672,30.3491,12.57,84,73,1.65,RU,2021-08-05 19:52:17
316,Marica,-22.9194,-42.8186,23.94,80,55,3.23,BR,2021-08-05 19:52:17
317,Saint-Pierre,-21.3393,55.4781,19.8,72,0,2.57,RE,2021-08-05 19:52:17
318,Ilulissat,69.2167,-51.1,9.94,58,100,7.58,GL,2021-08-05 19:52:18
319,Sept-Iles,50.2001,-66.3821,19.29,79,90,2.68,CA,2021-08-05 19:48:01
320,Bereda,43.2686,-7.5406,17.54,87,51,1.88,ES,2021-08-05 19:52:18
321,Iranduba,-3.2847,-60.1861,31.18,54,94,0.69,BR,2021-08-05 19:52:18
322,Fortuna,40.5982,-124.1573,18.85,69,75,4.02,US,2021-08-05 19:52:08
323,Kaeo,-35.1,173.7833,9.62,95,81,5.26,NZ,2021-08-05 19:51:20
324,Dharchula,29.85,80.5333,22.68,93,99,0.39,IN,2021-08-05 19:52:19
325,Camocim,-2.9022,-40.8411,28.35,66,75,7.24,BR,2021-08-05 19:52:19
326,Hailar,49.2,119.7,12.66,92,44,2.97,CN,2021-08-05 19:52:19
327,Beinamar,8.6698,15.3813,21.93,94,49,2.21,TD,2021-08-05 19:52:20
328,Palu,-0.8917,119.8707,23.73,94,88,1.03,ID,2021-08-05 19:52:20
329,Vardo,70.3705,31.1107,12.86,85,66,2.88,NO,2021-08-05 19:51:15
330,Basoko,1.2391,23.616,24.98,72,24,0.95,CD,2021-08-05 19:52:20
331,Kalmunai,7.4167,81.8167,26.85,71,99,2.77,LK,2021-08-05 19:52:21
332,Izhma,65.0083,53.9113,10.05,80,3,2.2,RU,2021-08-05 19:52:21
333,Sur,22.5667,59.5289,33.83,47,24,4.61,OM,2021-08-05 19:49:48
334,Abong Mbang,3.9833,13.1833,19.82,97,93,0.99,CM,2021-08-05 19:52:21
335,Kerman,30.2832,57.0788,27.92,17,20,5.14,IR,2021-08-05 19:52:21
336,Darovskoy,58.77,47.9564,11.85,70,2,1.94,RU,2021-08-05 19:52:22
337,Keflavik,64.0049,-22.5624,14.73,88,75,4.12,IS,2021-08-05 19:52:22
338,Trincomalee,8.5711,81.2335,27.31,77,100,10.17,LK,2021-08-05 19:52:22
339,Nevel,56.0209,29.9284,13.49,98,100,2.42,RU,2021-08-05 19:52:23
340,Kpandu,6.9954,0.2931,24.45,82,100,1.98,GH,2021-08-05 19:52:23
341,Brae,60.3964,-1.353,15.95,90,36,7.39,GB,2021-08-05 19:50:39
342,Belomorsk,64.5232,34.7668,11.94,79,100,2.09,RU,2021-08-05 19:52:23
343,Cabedelo,-6.9811,-34.8339,26.37,81,24,7.88,BR,2021-08-05 19:52:24
344,Challans,46.8436,-1.8749,18.11,84,96,9.23,FR,2021-08-05 19:52:24
345,Beringovskiy,63.05,179.3167,8.75,90,99,2.63,RU,2021-08-05 19:52:24
346,Hutchinson,38.0608,-97.9298,34.46,36,48,0.89,US,2021-08-05 19:52:19
347,Tripoli,32.8752,13.1875,30.64,58,0,4.52,LY,2021-08-05 19:52:24
348,Chiredzi,-21.05,31.6667,18.01,40,0,2.02,ZW,2021-08-05 19:52:25
349,Bata,1.8639,9.7658,24.92,94,40,2.06,GQ,2021-08-05 19:52:25
350,Kyshtovka,56.555,76.6271,13.77,95,8,2.71,RU,2021-08-05 19:52:25
351,Saint-Malo,48.5,-1.8333,16.97,82,100,6.71,FR,2021-08-05 19:52:26
352,Nikki,9.9401,3.2108,21.65,95,98,3.17,BJ,2021-08-05 19:51:55
353,San Francisco,37.7749,-122.4194,29.38,82,75,2.68,US,2021-08-05 19:49:24
354,Magadan,59.5667,150.8,9.22,60,91,3.87,RU,2021-08-05 19:52:26
355,Port-Cartier,50.0334,-66.8654,19.12,74,100,3.93,CA,2021-08-05 19:52:26
356,Tromso,69.6496,18.957,13.36,82,75,0.45,NO,2021-08-05 19:52:27
357,Olinda,-8.0089,-34.8553,23.85,94,75,4.63,BR,2021-08-05 19:52:27
358,Codrington,-38.2667,141.9667,10.76,82,100,5.08,AU,2021-08-05 19:52:27
359,Cap Malheureux,-19.9842,57.6142,21.27,66,62,3.13,MU,2021-08-05 19:52:28
360,Samana,19.2056,-69.3369,30.98,74,75,2.06,DO,2021-08-05 19:52:28
361,Guiuan,11.0333,125.7247,29.19,78,100,5.77,PH,2021-08-05 19:52:28
362,Namie,37.4833,141.0,25.99,98,87,1.24,JP,2021-08-05 19:52:29
363,Mount Gambier,-37.8333,140.7667,9.95,87,90,3.09,AU,2021-08-05 19:51:07
364,Kasungu,-13.0333,33.4833,15.74,61,0,2.36,MW,2021-08-05 19:52:29
365,San Carlos De Bariloche,-41.1456,-71.3082,8.86,71,75,9.26,AR,2021-08-05 19:52:29
366,Ancud,-41.8697,-73.8203,11.9,87,100,3.95,CL,2021-08-05 19:52:29
367,Buraydah,26.326,43.975,35.25,13,55,2.78,SA,2021-08-05 19:52:30
368,Teguise,29.0605,-13.564,21.12,83,75,5.14,ES,2021-08-05 19:52:30
369,Kalabo,-14.97,22.6814,15.79,26,0,1.98,ZM,2021-08-05 19:52:30
370,Nzega,-2.479,29.5564,16.31,65,74,1.46,RW,2021-08-05 19:52:31
371,Mao,39.8885,4.2658,25.31,83,20,3.6,ES,2021-08-05 19:52:31
372,Beaucaire,43.8081,4.6442,25.09,62,0,2.57,FR,2021-08-05 19:51:28
373,Guerrero Negro,27.9769,-114.0611,27.93,54,20,4.67,MX,2021-08-05 19:50:36
374,Uyar,55.81,94.3153,14.42,92,100,1.63,RU,2021-08-05 19:52:31
375,Nazare,-13.035,-39.0144,21.83,89,57,1.94,BR,2021-08-05 19:52:32
376,Gobindpur,22.6333,86.0667,25.81,84,17,2.12,IN,2021-08-05 19:52:32
377,Port Hedland,-20.3167,118.5667,17.03,31,9,4.12,AU,2021-08-05 19:52:32
378,Aleksandrov Gay,50.147,48.5704,23.27,36,2,4.15,RU,2021-08-05 19:52:32
379,Pisco,-13.7,-76.2167,20.03,68,0,4.12,PE,2021-08-05 19:51:05
380,Niamey,13.5137,2.1098,28.16,69,20,3.09,NE,2021-08-05 19:52:33
381,Ailigandi,9.2333,-78.0167,29.02,75,100,2.94,PA,2021-08-05 19:52:33
382,Kyrylivka,46.3759,35.3675,26.23,52,26,2.3,UA,2021-08-05 19:52:33
383,Pangai,-19.8,-174.35,20.06,88,20,0.0,TO,2021-08-05 19:52:34
384,Ruwi,23.5996,58.5507,36.13,39,8,2.41,OM,2021-08-05 19:52:34
385,Kirakira,-10.4544,161.9205,22.86,77,8,2.56,SB,2021-08-05 19:52:34
386,Viseu,40.661,-7.9097,20.48,84,0,1.74,PT,2021-08-05 19:52:34
387,Kjollefjord,70.9457,27.3465,11.9,82,75,2.57,NO,2021-08-05 19:52:35
388,Santa Marta,11.2408,-74.199,35.19,73,29,7.07,CO,2021-08-05 19:52:24
389,Watsa,3.0372,29.5355,18.64,95,8,0.65,CD,2021-08-05 19:52:35
390,Cariati,39.4922,16.9594,22.06,40,100,4.31,IT,2021-08-05 19:52:35
391,College,64.8569,-147.8028,24.0,56,20,0.0,US,2021-08-05 19:49:27
392,Kaseda,31.4167,130.3167,25.61,81,1,5.23,JP,2021-08-05 19:52:36
393,Sakaiminato,35.55,133.2333,25.99,89,20,1.54,JP,2021-08-05 19:52:36
394,Burley,42.5357,-113.7928,33.69,24,1,5.66,US,2021-08-05 19:52:36
395,Fort Frances,48.5999,-93.4003,21.12,88,90,2.06,CA,2021-08-05 19:51:43
396,Orapa,-21.2833,25.3667,14.88,40,0,0.3,BW,2021-08-05 19:52:37
397,San Antonio,29.4241,-98.4936,30.47,76,75,3.09,US,2021-08-05 19:52:12
398,Yumen,40.2833,97.2,23.2,16,89,2.64,CN,2021-08-05 19:52:37
399,Huntsville,34.7304,-86.5861,31.03,62,1,0.45,US,2021-08-05 19:48:44
400,Coahuayana,18.7333,-103.6833,28.21,78,100,1.44,MX,2021-08-05 19:50:52
401,Malakal,9.5334,31.6605,23.39,86,90,1.25,SS,2021-08-05 19:52:37
402,Safranbolu,41.2508,32.6942,21.62,52,0,0.37,TR,2021-08-05 19:52:38
403,Elat,29.5581,34.9482,33.91,29,0,0.0,IL,2021-08-05 19:52:38
404,Andujar,38.0392,-4.0508,33.17,16,0,1.8,ES,2021-08-05 19:52:38
405,Constitucion,-35.3333,-72.4167,13.64,75,91,3.17,CL,2021-08-05 19:48:28
406,Khasan,42.4308,130.6434,21.35,90,92,2.11,RU,2021-08-05 19:52:39
407,Belaya Gora,68.5333,146.4167,4.75,86,100,1.82,RU,2021-08-05 19:50:05
408,Berlevag,70.8578,29.0864,12.89,86,100,3.09,NO,2021-08-05 19:52:39
409,Ukiah,39.1502,-123.2078,34.13,32,1,1.54,US,2021-08-05 19:52:39
410,Victoria,22.2855,114.1577,28.98,96,100,1.34,HK,2021-08-05 19:50:39
411,Bahia Blanca,-38.7196,-62.2724,20.39,32,0,7.46,AR,2021-08-05 19:52:40
412,Xining,36.6167,101.7667,14.34,71,99,1.7,CN,2021-08-05 19:48:00
413,Traverse City,44.7631,-85.6206,29.35,45,90,4.12,US,2021-08-05 19:50:31
414,Krasnoselkup,65.7,82.4667,17.11,74,8,4.34,RU,2021-08-05 19:52:40
415,Kabare,-2.4683,28.8242,18.7,74,100,0.46,CD,2021-08-05 19:52:40
416,Salinopolis,-0.6136,-47.3561,27.19,81,41,4.77,BR,2021-08-05 19:52:41
417,Tuatapere,-46.1333,167.6833,3.23,91,29,1.53,NZ,2021-08-05 19:52:25
418,Mecca,21.4267,39.8261,34.14,31,30,1.75,SA,2021-08-05 19:48:41
419,Cape Canaveral,28.4058,-80.6048,32.26,71,40,5.14,US,2021-08-05 19:52:41
420,Vestmannaeyjar,63.4427,-20.2734,13.56,79,24,2.73,IS,2021-08-05 19:48:50
421,Batemans Bay,-35.7167,150.1833,5.51,79,0,2.33,AU,2021-08-05 19:52:41
422,Rosamorada,22.1222,-105.2058,34.09,51,77,3.77,MX,2021-08-05 19:52:42
423,Graneros,-34.0667,-70.7333,17.44,76,27,2.57,CL,2021-08-05 19:52:42
424,Chake Chake,-5.2459,39.7666,22.63,84,7,3.6,TZ,2021-08-05 19:52:42
425,Atambua,-9.1061,124.8925,20.42,80,87,2.81,ID,2021-08-05 19:52:42
426,Vite,17.2833,74.55,22.27,86,95,6.3,IN,2021-08-05 19:52:43
427,Turba,59.0831,24.225,13.58,81,0,2.4,EE,2021-08-05 19:52:43
428,Wanaka,-44.7,169.15,1.17,99,50,0.89,NZ,2021-08-05 19:52:43
429,Kurilsk,45.2333,147.8833,16.4,95,100,2.65,RU,2021-08-05 19:52:44
430,Camapua,-19.5314,-54.0439,29.46,15,97,2.35,BR,2021-08-05 19:52:44
431,Lerum,57.7745,12.2697,17.82,72,0,1.03,SE,2021-08-05 19:52:44
432,Ginir,7.1333,40.7,16.4,64,35,4.45,ET,2021-08-05 19:52:44
433,Ballina,-28.8667,153.5667,8.77,93,46,1.03,AU,2021-08-05 19:52:45
434,Rorvik,64.8621,11.2373,15.99,82,0,3.09,NO,2021-08-05 19:52:45
435,Camopi,3.1655,-52.3158,28.86,74,17,1.45,GF,2021-08-05 19:52:45
436,Kutum,14.2,24.6667,26.39,51,38,6.17,SD,2021-08-05 19:52:46
437,Tshikapa,-6.4167,20.8,27.1,25,0,1.3,CD,2021-08-05 19:52:46
438,Nalut,30.3333,10.85,34.52,11,7,2.26,LY,2021-08-05 19:52:46
439,Hilotongan,11.144,123.6426,28.5,74,70,5.6,PH,2021-08-05 19:52:46
440,Steenwijk,52.7875,6.1208,19.51,79,100,0.45,NL,2021-08-05 19:52:47
441,Faanui,-16.4833,-151.75,26.13,70,24,4.6,PF,2021-08-05 19:48:53
442,Bagotville,-28.9833,153.4167,8.69,81,45,2.78,AU,2021-08-05 19:52:47
443,Mount Isa,-20.7333,139.5,9.87,46,9,3.09,AU,2021-08-05 19:52:23
444,Itaporanga,-7.3044,-38.1503,28.17,45,80,5.52,BR,2021-08-05 19:52:47
445,Prince Rupert,54.3161,-130.3201,16.05,77,90,3.6,CA,2021-08-05 19:52:44
446,Diu,20.7141,70.9822,27.53,78,100,7.04,IN,2021-08-05 19:50:32
447,Pandan,14.0453,124.1694,28.69,70,50,6.66,PH,2021-08-05 19:48:20
448,Ewa Beach,21.3156,-158.0072,27.97,61,90,6.71,US,2021-08-05 19:52:48
449,Arman,59.7,150.1667,9.71,59,79,4.96,RU,2021-08-05 19:52:48
450,Nantucket,41.2835,-70.0995,24.42,94,75,7.2,US,2021-08-05 19:52:49
451,Batagay,67.6333,134.6333,6.74,72,5,0.8,RU,2021-08-05 19:52:49
452,Hanstholm,57.1167,8.6167,17.01,74,88,5.82,DK,2021-08-05 19:52:49
453,Carballo,43.213,-8.691,18.83,84,59,1.76,ES,2021-08-05 19:52:50
454,Ugra,54.7777,34.3267,14.67,95,100,1.89,RU,2021-08-05 19:52:50
455,Seddon,-37.8068,144.8916,11.66,87,90,1.34,AU,2021-08-05 19:49:23
456,Saint Pete Beach,27.7253,-82.7412,30.05,74,90,3.09,US,2021-08-05 19:52:50
457,Ramhormoz,31.28,49.6035,37.12,19,8,4.37,IR,2021-08-05 19:52:51
458,Winslow,35.0242,-110.6974,36.09,14,1,0.45,US,2021-08-05 19:52:51
459,Jiuquan,39.7432,98.5174,24.2,17,100,0.89,CN,2021-08-05 19:52:51
460,Laguna,38.421,-121.4238,33.91,51,1,4.63,US,2021-08-05 19:52:51
461,Kerema,-7.9631,145.7785,23.92,91,100,4.06,PG,2021-08-05 19:52:52
462,Mahon,39.8885,4.2658,25.31,83,20,3.6,ES,2021-08-05 19:52:52
463,Yara,20.2753,-76.9533,32.47,53,8,1.71,CU,2021-08-05 19:52:52
464,Hirara,24.8,125.2833,27.94,87,100,9.52,JP,2021-08-05 19:52:53
465,Ixtapa,20.7,-105.2,27.9,84,100,6.26,MX,2021-08-05 19:52:53
466,Andenes,69.3143,16.1194,11.99,94,75,2.06,NO,2021-08-05 19:52:53
467,Weligama,5.9667,80.4167,25.65,88,100,5.73,LK,2021-08-05 19:52:53
468,Great Yarmouth,52.6083,1.7305,18.34,83,100,8.22,GB,2021-08-05 19:52:54
469,Makakilo City,21.3469,-158.0858,27.18,62,90,3.6,US,2021-08-05 19:50:47
470,Champerico,14.3,-91.9167,31.53,73,21,2.64,GT,2021-08-05 19:52:54
471,Sistranda,63.7256,8.834,16.06,77,100,3.45,NO,2021-08-05 19:52:54
472,Port Macquarie,-31.4333,152.9167,7.98,81,1,3.31,AU,2021-08-05 19:49:59
473,Kieta,-6.2167,155.6333,25.63,85,99,3.9,PG,2021-08-05 19:52:55
474,Palana,59.1167,159.9667,7.63,89,100,7.75,RU,2021-08-05 19:52:55
475,Mariental,-24.6333,17.9667,16.47,16,6,4.68,NA,2021-08-05 19:52:55
476,Opotiki,-38.0833,177.2833,11.33,94,100,0.35,NZ,2021-08-05 19:52:56
477,Bayan,46.0833,127.4,18.43,97,100,3.84,CN,2021-08-05 19:52:56
478,Palmer,42.1584,-72.3287,23.03,65,75,0.89,US,2021-08-05 19:52:56
479,Sorland,67.667,12.6934,12.1,91,100,5.17,NO,2021-08-05 19:50:33
480,Khani,41.9563,42.9566,21.76,84,100,1.76,GE,2021-08-05 19:52:57
481,Cartagena Del Chaira,1.3349,-74.8429,28.77,53,81,1.28,CO,2021-08-05 19:52:57
482,Pinega,64.7001,43.3936,7.63,94,25,1.09,RU,2021-08-05 19:52:57
483,Laiwu,36.1928,117.6569,22.62,94,0,1.27,CN,2021-08-05 19:48:49
484,Tefe,-3.3542,-64.7114,28.06,83,75,1.03,BR,2021-08-05 19:52:58
485,Villaviciosa,43.4813,-5.4357,20.56,71,96,3.63,ES,2021-08-05 19:52:58
486,Nhulunbuy,-12.2333,136.7667,23.34,56,65,6.17,AU,2021-08-05 19:52:58
487,Channelview,29.7761,-95.1146,31.4,68,100,2.7,US,2021-08-05 19:52:58
488,Kharian,32.8149,73.8636,27.64,66,53,2.86,PK,2021-08-05 19:52:59
489,Derzhavinsk,51.1,66.3167,23.32,45,76,3.9,KZ,2021-08-05 19:52:59
490,Aranos,-24.1333,19.1167,13.95,11,18,2.35,NA,2021-08-05 19:52:59
491,Aksu,41.1231,80.2644,26.1,33,98,4.96,CN,2021-08-05 19:53:00
492,Beloha,-25.1667,45.05,18.35,72,0,3.13,MG,2021-08-05 19:49:26
493,Cape Girardeau,37.3834,-89.7168,29.76,47,100,1.94,US,2021-08-05 19:50:22
494,Churapcha,62.0025,132.4325,11.02,46,3,2.87,RU,2021-08-05 19:53:00
495,Raudeberg,61.9875,5.1352,18.78,73,89,3.72,NO,2021-08-05 19:53:00
496,Anloga,5.7947,0.8973,26.12,86,96,4.44,GH,2021-08-05 19:53:01
497,Whitecourt,54.1502,-115.6855,25.58,61,20,1.03,CA,2021-08-05 19:53:01
498,San Jose,37.3394,-121.895,29.71,52,75,0.89,US,2021-08-05 19:52:35
499,Mackay,-21.15,149.2,13.91,81,5,3.09,AU,2021-08-05 19:53:01
500,Cockburn Town,21.4612,-71.1419,29.98,70,40,6.17,TC,2021-08-05 19:50:26
501,Kashi,39.4547,75.9797,29.03,38,40,5.0,CN,2021-08-05 19:53:02
502,Esil,51.9556,66.4042,22.47,51,83,3.82,KZ,2021-08-05 19:53:02
503,Astana,51.1801,71.446,16.97,67,0,2.0,KZ,2021-08-05 19:49:03
504,Barguzin,53.6167,109.6167,13.65,89,1,1.59,RU,2021-08-05 19:53:02
505,Modakeke,7.3833,4.2667,24.82,99,100,0.99,NG,2021-08-05 19:53:03
506,Nurobod,40.9056,69.8023,26.47,27,9,2.16,UZ,2021-08-05 19:53:03
507,Pundaguitan,6.3711,126.1689,28.68,77,100,4.08,PH,2021-08-05 19:53:03
508,Nyimba,-14.5566,30.8149,18.08,47,0,3.08,ZM,2021-08-05 19:53:03
509,Arti,56.4234,58.5328,15.46,96,86,4.01,RU,2021-08-05 19:53:04
510,Camacha,33.0833,-16.3333,21.68,88,75,5.14,PT,2021-08-05 19:48:04
511,Teguldet,57.3064,88.1667,12.62,97,3,1.37,RU,2021-08-05 19:53:04
512,Bolgatanga,10.7856,-0.8514,24.11,90,100,2.3,GH,2021-08-05 19:53:04
513,Zhangye,38.9342,100.4517,24.26,35,100,2.59,CN,2021-08-05 19:53:05
514,Ust-Kulom,61.6864,53.6902,11.72,73,0,3.36,RU,2021-08-05 19:53:05
515,Waitati,-45.75,170.5667,8.78,91,43,1.44,NZ,2021-08-05 19:53:05
516,Awash,8.9833,40.1667,25.44,63,94,2.04,ET,2021-08-05 19:53:05
517,Nouakchott,18.0858,-15.9785,26.96,75,35,7.3,MR,2021-08-05 19:53:06
518,Witu,-2.3889,40.4382,24.09,82,45,5.91,KE,2021-08-05 19:53:06
519,Planadas,3.197,-75.6451,26.51,48,45,2.59,CO,2021-08-05 19:53:06
520,Aljezur,37.3191,-8.8033,19.21,94,8,5.61,PT,2021-08-05 19:49:03
521,Narsaq,60.9167,-46.05,9.56,85,100,2.7,GL,2021-08-05 19:50:28
522,Outjo,-20.1167,16.15,17.59,26,3,1.81,NA,2021-08-05 19:53:07
523,Rabo De Peixe,37.8,-25.5833,22.73,88,20,7.72,PT,2021-08-05 19:53:07
524,Nome,64.5011,-165.4064,16.2,76,1,8.75,US,2021-08-05 19:49:33
525,Gueret,46.1667,1.8667,16.35,88,100,3.65,FR,2021-08-05 19:53:07
526,Lano,10.1725,11.4715,24.64,80,63,3.76,NG,2021-08-05 19:53:08
527,Charters Towers,-20.1,146.2667,8.86,43,26,4.15,AU,2021-08-05 19:53:08
528,Port Lincoln,-34.7333,135.8667,12.73,73,100,3.4,AU,2021-08-05 19:53:08
529,Dongsheng,39.8161,109.9776,17.69,42,4,2.44,CN,2021-08-05 19:53:09
530,Klaksvik,62.2266,-6.589,12.51,95,100,3.35,FO,2021-08-05 19:50:57
531,Antalaha,-14.9003,50.2788,20.56,85,96,4.74,MG,2021-08-05 19:53:09
532,Wajir,1.7471,40.0573,27.49,41,51,8.9,KE,2021-08-05 19:53:09
533,Heishan,41.6892,122.1128,20.98,91,100,0.84,CN,2021-08-05 19:53:09
534,Inongo,-1.95,18.2667,25.12,42,29,1.63,CD,2021-08-05 19:53:10
535,Ouahigouya,13.5828,-2.4216,31.29,49,100,3.71,BF,2021-08-05 19:53:10
536,Krasnoarmeysk,51.0239,45.6969,22.38,50,96,1.72,RU,2021-08-05 19:53:10
537,Ligayan,4.6533,119.4706,29.02,72,52,3.34,PH,2021-08-05 19:53:11
538,Manado,1.487,124.8455,25.43,88,20,1.03,ID,2021-08-05 19:53:11
539,Tucuman,-26.8241,-65.2226,23.0,31,0,2.06,AR,2021-08-05 19:53:11
540,Pochutla,15.7432,-96.4661,29.9,61,90,2.53,MX,2021-08-05 19:53:12
541,Sume,-7.6717,-36.88,24.29,62,87,6.69,BR,2021-08-05 19:53:12
542,Manokwari,-0.8667,134.0833,25.84,78,98,2.24,ID,2021-08-05 19:53:12
543,Ambon,-3.6954,128.1814,24.08,100,40,1.54,ID,2021-08-05 19:53:12
544,Oyama,36.3,139.8,28.66,80,6,0.81,JP,2021-08-05 19:53:13
545,Ridgecrest,35.6225,-117.6709,42.79,7,20,4.92,US,2021-08-05 19:48:42
546,Auki,-8.7676,160.7034,23.0,82,46,2.52,SB,2021-08-05 19:50:08
547,Roscommon,53.6333,-8.1833,14.51,95,32,2.61,IE,2021-08-05 19:53:13
548,Bowen,-20.0167,148.2333,4.12,59,9,2.73,AU,2021-08-05 19:53:13
549,Adrian,41.8975,-84.0372,29.85,52,6,1.79,US,2021-08-05 19:53:14
550,Wahpeton,46.2652,-96.6059,28.12,57,40,6.17,US,2021-08-05 19:53:14
551,Broken Hill,-31.95,141.4333,10.84,82,90,3.6,AU,2021-08-05 19:50:48
552,Opuwo,-18.0607,13.84,18.4,25,4,0.86,NA,2021-08-05 19:53:14
553,Aguimes,27.9054,-15.4461,21.48,78,40,12.86,ES,2021-08-05 19:53:15
554,Labrea,-7.2586,-64.7981,37.13,20,94,1.49,BR,2021-08-05 19:53:15
555,Varzea Grande,-15.6467,-56.1325,32.93,19,0,2.06,BR,2021-08-05 19:53:15
556,Touros,-5.1989,-35.4608,26.5,73,46,7.96,BR,2021-08-05 19:48:41
557,Hervey Bay,-25.2986,152.8535,10.06,76,49,3.8,AU,2021-08-05 19:53:13
558,Progreso,21.2833,-89.6667,35.62,65,0,7.32,MX,2021-08-05 19:53:16
559,Saint-Junien,45.8833,0.9,19.52,94,97,3.28,FR,2021-08-05 19:53:16
560,Tazovskiy,67.4667,78.7,15.4,77,5,2.93,RU,2021-08-05 19:53:16
561,Kalulushi,-12.8378,28.0919,8.21,29,0,0.54,ZM,2021-08-05 19:53:17
562,Taoudenni,22.6783,-3.9836,42.83,9,5,4.42,ML,2021-08-05 19:51:10
563,Bulolo,-7.2,146.65,20.2,98,100,0.57,PG,2021-08-05 19:53:17
564,Bangassou,4.7413,22.8184,21.42,98,64,1.0,CF,2021-08-05 19:53:17
565,Nouadhibou,20.931,-17.0347,22.99,78,6,10.8,MR,2021-08-05 19:53:17
566,Marawi,7.9986,124.2928,19.25,82,73,1.81,PH,2021-08-05 19:51:41
567,Saint-Joseph,-21.3667,55.6167,19.2,77,19,5.32,RE,2021-08-05 19:53:18
568,Caucaia,-3.7361,-38.6531,29.97,69,20,5.66,BR,2021-08-05 19:53:18
569,Galle,6.0367,80.217,26.21,87,98,6.31,LK,2021-08-05 19:53:18
570,Cuamba,-14.8031,36.5372,20.11,48,27,0.49,MZ,2021-08-05 19:53:19
571,Alofi,-19.0595,-169.9187,17.94,94,82,0.51,NU,2021-08-05 19:53:19
572,The Valley,18.217,-63.0578,30.46,79,40,6.69,AI,2021-08-05 19:53:19
573,Grand Gaube,-20.0064,57.6608,21.22,66,72,3.13,MU,2021-08-05 19:53:19
574,Bam,29.106,58.357,32.61,22,93,6.03,IR,2021-08-05 19:53:20
